task_id,task_readable_name,tier,track,species,split_id,split_fold,model_id,model_readable_name,model_family,mode,calibration_method,intervention_id,seeds,auroc,auprc,accuracy,balanced_accuracy,mcc,f1,ece,brier,train_count,val_count,test_count,positive_count,negative_count,mean_abs_delta,flip_rate,positive_prob_drop,calibration_shift,sequence_length_summary,rc_mean_abs_delta,rc_flip_rate,rc_positive_prob_drop,rc_calibration_shift,mono_mean_abs_delta,mono_flip_rate,mono_positive_prob_drop,mono_calibration_shift,dinuc_mean_abs_delta,dinuc_flip_rate,dinuc_positive_prob_drop,dinuc_calibration_shift,motif_mean_abs_delta,motif_flip_rate,motif_positive_prob_drop,motif_calibration_shift,gc_only_auroc,gc_only_explainability_ratio,mono_retention,dinuc_retention,shortcut_score,task_label,model_label
human_nontata_promoters,Promoters,Core,short_context,human,official,none,gc_only,GC-only logistic regression,diagnostic_logistic_regression,frozen,none,standard,2,0.7959149681512145,0.8393630217887045,0.726256364843923,0.7271434241291073,0.4529293040414943,0.743973399833749,0.0468308784576099,0.184770311891784,8000.0,2000.0,5517.0,2957.5,2559.5,,,,,251,0.0,0.0,0.0,0.0,0.0,0.0,0.0,0.0,0.0,0.0,0.0,0.0,0.0,0.0,0.0,0.0,0.7959149681512145,1.0,-0.0,-0.0,0.4035087719298245,Promoters,GC-only logistic regression
human_nontata_promoters,Promoters,Core,short_context,human,official,none,cpg_only,CpG-only logistic regression,diagnostic_logistic_regression,frozen,none,standard,1,0.843540800552831,0.8788996222669625,0.7749612574717732,0.7789114880128981,0.5561099593953475,0.7801924532381879,0.0476340665381582,0.1565553534316248,10000.0,2000.0,9034.0,4915.0,4119.0,,,,,251,0.0,0.0,0.0,0.0,0.0,0.0,0.0,0.0,0.0,0.0,0.0,0.0,0.0,0.0,0.0,0.0,0.7959149681512145,0.9435405704496996,-0.0,-0.0,0.3859649122807018,Promoters,CpG-only logistic regression
human_nontata_promoters,Promoters,Core,short_context,human,official,none,repeat_only,Repeat-only logistic regression,diagnostic_logistic_regression,frozen,none,standard,1,0.6122241000628059,0.6451800974061691,0.5802523798981625,0.5831214650021475,0.1658077057952046,0.5880052151238592,0.0429241668362805,0.2402921792051356,10000.0,2000.0,9034.0,4915.0,4119.0,,,,,251,0.0,0.0,0.0,0.0,0.0,0.0,0.0,0.0,0.0,0.0,0.0,0.0,0.0,0.0,0.0,0.0,0.7959149681512145,1.3000386101585424,-0.0,-0.0,0.4210526315789473,Promoters,Repeat-only logistic regression
human_nontata_promoters,Promoters,Core,short_context,human,official,none,kmer_logistic_regression,6-mer logistic regression,classical,frozen,none,standard,2,0.8984909999999999,0.9434076450604664,0.8375,0.8590367887987509,0.7152964864938827,0.8630310716550412,0.1102176388215763,0.133432542662848,6000.0,2000.0,2000.0,1000.0,1000.0,,,,,251,0.2634432589752333,0.268,0.0168218440450704,0.1048867659226201,0.3907444044811676,0.405,-0.0026594560109637,0.2183623565619146,0.316267987338407,0.3215,0.0575635769009338,0.1262496242343664,0.013001464725365,0.0121762231569625,0.0082361993033196,0.0026135597416585,0.7959149681512145,0.8858352149895933,0.0026594560109637,-0.0575635769009338,0.6052631578947368,Promoters,6-mer logistic regression
human_nontata_promoters,Promoters,Core,short_context,human,official,none,small_cnn,CNN,cnn,full,none,standard,6,0.842903,0.9239397103402608,0.7945,0.8239956907633705,0.6472216905599998,0.8195604395604396,0.0228868810981512,0.1519707324290783,6000.0,2000.0,2000.0,1000.0,1000.0,,,,,251,0.0435033664107322,0.0625,0.0076655149459838,-0.008566006243229,0.109779454767704,0.1575,-0.0022913217544555,0.0415386336222291,0.0573856495320797,0.071,0.0464639663696289,0.0004174573868513,0.0043716924265027,0.0039849457604604,0.003511905670166,0.0002461549076908,0.7959149681512145,0.9442545205690508,0.0022913217544555,-0.0464639663696289,0.4122807017543859,Promoters,CNN
human_nontata_promoters,Promoters,Core,short_context,human,official,none,small_cnn_rc_aug,RC-aug CNN,cnn,full,none,standard,6,0.8636599999999999,0.9345881615397388,0.8015,0.8410197439995337,0.6877431242415014,0.8256586483390607,0.0440954817906022,0.1440133262069258,6000.0,2000.0,2000.0,1000.0,1000.0,,,,,251,0.0165502354502677,0.0195,-0.0008527636528015,-0.0006018233448267,0.1702148020267486,0.274,-0.0348603129386901,0.1297359126955269,0.0657117143273353,0.074,0.0378893613815307,-0.0132784271091223,0.0055290842428803,0.004870489262785,0.0048051476478576,0.0029541018072788,0.7959149681512145,0.9215605309395072,0.0348603129386901,-0.0378893613815307,0.4385964912280701,Promoters,RC-aug CNN
human_nontata_promoters,Promoters,Core,short_context,human,official,none,dnabert2,DNABERT-2,foundation_model,frozen,none,standard,2,0.887888,0.9332961175799712,0.828,0.8545,0.713408575128601,0.8459502382212811,0.0420015626662993,0.1279405383264637,2000.0,800.0,1000.0,500.0,500.0,,,,,251,0.0777349317929724,0.073,0.0131583581019262,-0.0189866093985185,0.2518976687499663,0.41,-0.0538831078698363,0.1646617959442884,0.1001148418764695,0.099,0.0038541693706631,0.0262113113554254,0.0048636905075706,0.003,0.0021657353340371,0.0008299170457187,0.7959149681512145,0.8964137009974394,0.0538831078698363,-0.0038541693706631,0.6403508771929824,Promoters,DNABERT-2
human_nontata_promoters,Promoters,Core,short_context,human,official,none,caduceus_ph,Caduceus-Ph,foundation_model,frozen,none,standard,1,0.8528062767459534,0.8894385357793013,0.7762895727252601,0.7819408951940205,0.5634314036164151,0.7773493444970805,0.0244592582419492,0.1538127081494769,10000.0,2000.0,9034.0,4915.0,4119.0,,,,,251,0.0404262294153215,0.035421740092982,0.0126528659459033,0.0072154057040811,0.1171383122870392,0.20234669028116,-0.0604816577373737,0.0711167275968698,0.0293918955585,0.0205888864290458,0.0015758352155724,0.0036286598460117,0.0033292762694073,0.003320788133717,0.0025255519835335,0.0014527386087238,0.7959149681512145,0.9332892942441527,0.0604816577373737,-0.0015758352155724,0.5614035087719298,Promoters,Caduceus-Ph
human_nontata_promoters,Promoters,Core,short_context,human,official,none,nucleotide_transformer_v2,Nucleotide Transformer v2,foundation_model,frozen,none,standard,1,0.649203,0.647364397678401,0.608,0.608,0.2160211711122043,0.6107249255213505,0.1118157020479762,0.2489450458730116,4000.0,800.0,2000.0,1000.0,1000.0,,,,,251,0.270379676193636,0.4545,0.0173825057085267,0.0024321668495478,0.2656037116564109,0.4305,0.0153835684139426,0.0158622804601884,0.2702584920492071,0.447,0.018043946745654,0.0257878131249156,0.0275602890402574,0.0425,0.0016108008595362,0.0058594316466456,0.7959149681512145,1.2259878160624866,-0.0153835684139426,-0.018043946745654,0.6491228070175438,Promoters,Nucleotide Transformer v2
human_enhancers_cohn,Enhancers (Cohn),Core,short_context,human,official,none,gc_only,GC-only logistic regression,diagnostic_logistic_regression,frozen,none,standard,2,0.7339186999468708,0.7350114162134621,0.6691134139320668,0.6691134139320668,0.3388057557061621,0.6591549295774648,0.0111692881865568,0.2081144388447765,8000.0,2000.0,4474.0,2237.0,2237.0,,,,,500,0.0,0.0,0.0,0.0,0.0,0.0,0.0,0.0,0.0,0.0,0.0,0.0,0.0,0.0,0.0,0.0,0.7339186999468708,1.0,-0.0,-0.0,0.3947368421052631,Enhancers (Cohn),GC-only logistic regression
human_enhancers_cohn,Enhancers (Cohn),Core,short_context,human,official,none,cpg_only,CpG-only logistic regression,diagnostic_logistic_regression,frozen,none,standard,1,0.6356744103495693,0.6314792386972754,0.5913932066781807,0.5913932066781807,0.184748813068417,0.5593667546174143,0.0341431960186504,0.2357786255194748,10000.0,2000.0,6948.0,3474.0,3474.0,,,,,500,0.0,0.0,0.0,0.0,0.0,0.0,0.0,0.0,0.0,0.0,0.0,0.0,0.0,0.0,0.0,0.0,0.7339186999468708,1.154551273415702,-0.0,-0.0,0.4122807017543859,Enhancers (Cohn),CpG-only logistic regression
human_enhancers_cohn,Enhancers (Cohn),Core,short_context,human,official,none,repeat_only,Repeat-only logistic regression,diagnostic_logistic_regression,frozen,none,standard,1,0.532776006249567,0.52140112242657,0.5213010938399539,0.5213010938399539,0.0427094011913916,0.5376702807895468,0.0045908297367237,0.2492082859315183,10000.0,2000.0,6948.0,3474.0,3474.0,,,,,500,0.0,0.0,0.0,0.0,0.0,0.0,0.0,0.0,0.0,0.0,0.0,0.0,0.0,0.0,0.0,0.0,0.7339186999468708,1.3775370724992502,-0.0,-0.0,0.4210526315789473,Enhancers (Cohn),Repeat-only logistic regression
human_enhancers_cohn,Enhancers (Cohn),Core,short_context,human,official,none,kmer_logistic_regression,6-mer logistic regression,classical,frozen,none,standard,2,0.700194,0.7225657690232126,0.6525,0.6593264248704663,0.3186576156431533,0.6602554901679345,0.2857826502558501,0.3092504288842322,6000.0,2000.0,2000.0,1000.0,1000.0,,,,,500,0.3707913085785532,0.378,0.0172717217792954,0.0105582427753119,0.4242434977687761,0.4345,-0.0796955816894356,0.082524954120737,0.4051801925094063,0.419,0.13848789357906,0.0711104638266946,0.0326902502943085,0.0375647668393782,0.0093316905693945,0.0052751492130012,0.7339186999468708,1.0481647942525512,0.0796955816894356,-0.13848789357906,0.7192982456140351,Enhancers (Cohn),6-mer logistic regression
human_enhancers_cohn,Enhancers (Cohn),Core,short_context,human,official,none,small_cnn,CNN,cnn,full,none,standard,6,0.7535540000000001,0.7491350900292709,0.654,0.6845135290731146,0.3713990453992267,0.6656497864551556,0.0793757087886333,0.2086222937918012,6000.0,2000.0,2000.0,1000.0,1000.0,,,,,500,0.0188364125788211,0.036,0.0013142824172973,-0.0012302174866199,0.059227667748928,0.1215,0.0077331066131591,-0.0043589839041233,0.0571020133793354,0.12,0.0144553780555725,-0.0129581188857555,0.0033524651080369,0.0071963154864709,-0.0017178654670715,0.0023626550714655,0.7339186999468708,0.973943075011042,-0.0077331066131591,-0.0144553780555725,0.3245614035087719,Enhancers (Cohn),CNN
human_enhancers_cohn,Enhancers (Cohn),Core,short_context,human,official,none,small_cnn_rc_aug,RC-aug CNN,cnn,full,none,standard,6,0.7645774999999999,0.7558621804422925,0.6745,0.68566493955095,0.3726485749715121,0.671875,0.0708906665369868,0.2026313437309672,6000.0,2000.0,2000.0,1000.0,1000.0,,,,,500,0.0141832903027534,0.031,0.0001065731048583,0.0005418918952346,0.0659988671541214,0.124,0.0030723810195922,0.0056424895748496,0.0613313354551792,0.1165,0.0171687602996826,-0.0103029819764196,0.0032925647683441,0.0092112838226827,-0.0017876029014587,-0.0013787073657457,0.7339186999468708,0.9599009910007432,-0.0030723810195922,-0.0171687602996826,0.3157894736842105,Enhancers (Cohn),RC-aug CNN
human_enhancers_cohn,Enhancers (Cohn),Core,short_context,human,official,none,dnabert2,DNABERT-2,foundation_model,frozen,none,standard,2,0.829724,0.8212542019876681,0.736,0.752,0.5040493992618101,0.7502517623363545,0.0248308120776902,0.1684215524305007,2000.0,800.0,1000.0,500.0,500.0,,,,,500,0.0591436634907785,0.097,-0.003537693072833,0.0132064982909392,0.1908418012604889,0.341,-0.048888688524904,0.1085232303233046,0.1434052035970671,0.227,0.0233092158668266,0.0129624726783854,0.0076215427514516,0.012,-0.000519391118564,0.0024214942664918,0.7339186999468708,0.8845335315681729,0.048888688524904,-0.0233092158668266,0.543859649122807,Enhancers (Cohn),DNABERT-2
human_enhancers_cohn,Enhancers (Cohn),Core,short_context,human,official,none,caduceus_ph,Caduceus-Ph,foundation_model,frozen,none,standard,1,0.7727349710937637,0.7660089018939559,0.6922855497985032,0.6922855497985032,0.3856526901106323,0.680322966507177,0.0342800785565275,0.1945990957555004,10000.0,2000.0,6948.0,3474.0,3474.0,,,,,500,0.0298684137850311,0.0533966609096142,-0.0007448365795929,-0.0047516505931889,0.1172241216754355,0.202216465169833,-0.1025229935421168,0.0862308207857427,0.0502382862352451,0.0932642487046632,-0.0205491437594516,0.0083241803034612,0.0025595110506287,0.0064766839378238,-0.0006529929125713,-0.0001902671620616,0.7339186999468708,0.949767678959902,0.1025229935421168,0.0205491437594516,0.6052631578947368,Enhancers (Cohn),Caduceus-Ph
human_enhancers_cohn,Enhancers (Cohn),Core,short_context,human,official,none,nucleotide_transformer_v2,Nucleotide Transformer v2,foundation_model,frozen,none,standard,1,0.518186,0.5115652395865046,0.5025,0.5025,0.0050030653165472,0.5110565110565111,0.1638280235701642,0.2836005777416187,4000.0,800.0,2000.0,1000.0,1000.0,,,,,500,0.2277691517926419,0.507,-0.0009126958610226,-0.0258628261650334,0.2266236406493125,0.492,0.0170641230748194,0.0012637600180132,0.2264556579418642,0.505,-0.0129722851645666,-0.0220284064264632,0.0506976253145256,0.11,-0.0027119463482196,-0.0097282401878061,0.7339186999468708,1.416322903256496,-0.0170641230748194,0.0129722851645666,0.7105263157894738,Enhancers (Cohn),Nucleotide Transformer v2
human_enhancers_ensembl,Enhancers (Ensembl),Core,short_context,human,official,none,gc_only,GC-only logistic regression,diagnostic_logistic_regression,frozen,none,standard,1,0.6621940822250412,0.6341018855331718,0.6213109460768486,0.6213109460768486,0.2427308870360367,0.6155510391398413,0.0479150442144485,0.2341792451384895,10000.0,2000.0,30970.0,15485.0,15485.0,,,,,2-573,0.0,0.0,0.0,0.0,0.0,0.0,0.0,0.0,0.0,0.0,0.0,0.0,0.0,0.0,0.0,0.0,0.6621940822250412,1.0,-0.0,-0.0,0.5064102564102564,Enhancers (Ensembl),GC-only logistic regression
human_enhancers_ensembl,Enhancers (Ensembl),Core,short_context,human,official,none,cpg_only,CpG-only logistic regression,diagnostic_logistic_regression,frozen,none,standard,1,0.5634342462092901,0.5422514613060812,0.5402324830481111,0.5402324830481111,0.0817540416377299,0.4956253763593213,0.0116397698176557,0.247899312881476,10000.0,2000.0,30970.0,15485.0,15485.0,,,,,2-573,0.0,0.0,0.0,0.0,0.0,0.0,0.0,0.0,0.0,0.0,0.0,0.0,0.0,0.0,0.0,0.0,0.6621940822250412,1.1752819191949977,-0.0,-0.0,0.5192307692307693,Enhancers (Ensembl),CpG-only logistic regression
human_enhancers_ensembl,Enhancers (Ensembl),Core,short_context,human,official,none,length_only,Length-only logistic regression,diagnostic_logistic_regression,frozen,none,standard,1,0.5,0.5,0.5,0.5,0.0,0.504654361664694,0.003232463577578,0.2500152133922333,10000.0,2000.0,30970.0,15485.0,15485.0,,,,,2-573,0.0,0.0,0.0,0.0,0.0,0.0,0.0,0.0,0.0,0.0,0.0,0.0,0.0,0.0,0.0,0.0,0.6621940822250412,1.3243881644500823,-0.0,-0.0,0.532051282051282,Enhancers (Ensembl),Length-only logistic regression
human_enhancers_ensembl,Enhancers (Ensembl),Core,short_context,human,official,none,repeat_only,Repeat-only logistic regression,diagnostic_logistic_regression,frozen,none,standard,1,0.4995653130838233,0.5190996311204906,0.4978366160800775,0.4978366160800774,-0.0043594303530039,0.4651626659330077,0.0270594345959404,0.2493385008421751,10000.0,2000.0,30970.0,15485.0,15485.0,,,,,2-573,0.0,0.0,0.0,0.0,0.0,0.0,0.0,0.0,0.0,0.0,0.0,0.0,0.0,0.0,0.0,0.0,0.6621940822250412,1.3255405547220809,-0.0,-0.0,0.5448717948717948,Enhancers (Ensembl),Repeat-only logistic regression
human_enhancers_ensembl,Enhancers (Ensembl),Core,short_context,human,official,none,kmer_logistic_regression,6-mer logistic regression,classical,frozen,none,standard,2,0.735919,0.7716277722866802,0.6725,0.7139812721989022,0.4279741423336616,0.7150302406382705,0.2457055763718007,0.2734987871521236,6000.0,2000.0,2000.0,1000.0,1000.0,,,,,9-488,0.3435115053220235,0.3565,-0.0267104752773601,-0.0060712480118731,0.4271199750843948,0.448,0.2028774627488171,0.1316629615645519,0.434075068381236,0.45,0.2160423827040129,0.1118535295943451,0.0183017501119826,0.0195350339037778,0.0054883263195769,0.001482121664933,0.6621940822250412,0.899819249435116,-0.2028774627488171,-0.2160423827040129,0.6666666666666666,Enhancers (Ensembl),6-mer logistic regression
human_enhancers_ensembl,Enhancers (Ensembl),Core,short_context,human,official,none,small_cnn,CNN,cnn,full,none,standard,6,0.838548,0.8799774246317112,0.7495,0.7934775589279948,0.5899642713727646,0.7825081610446137,0.0795540403276681,0.1719178157550824,6000.0,2000.0,2000.0,1000.0,1000.0,,,,,9-488,0.0891550555825233,0.1325,0.0014162063598632,0.0099939513057471,0.1650836169719696,0.3095,0.1784351468086242,-0.0111335453838109,0.1045274287462234,0.198,0.0648070573806762,-0.0415476201958953,0.002362482715398,0.0029706167258637,-0.0010881423950195,-0.0010910517671125,0.6621940822250412,0.7896913262270511,-0.1784351468086242,-0.0648070573806762,0.4743589743589744,Enhancers (Ensembl),CNN
human_enhancers_ensembl,Enhancers (Ensembl),Core,short_context,human,official,none,small_cnn_rc_aug,RC-aug CNN,cnn,full,none,standard,6,0.8839299999999999,0.8870534128229995,0.8055,0.8045527930255085,0.6105622228898323,0.7975652988194375,0.0399395995624363,0.1393566969178189,6000.0,2000.0,2000.0,1000.0,1000.0,,,,,9-488,0.0688883513212204,0.07,0.002810001373291,-0.0020066749379039,0.2593203783035278,0.4035,0.3199376463890075,0.1054037188924849,0.1523363590240478,0.2025,0.1265183091163635,-0.0045207061972468,0.0026361746713519,0.003035195350339,-0.0006323456764221,-0.0006901224038852,0.6621940822250412,0.7491476499553599,-0.3199376463890075,-0.1265183091163635,0.3846153846153846,Enhancers (Ensembl),RC-aug CNN
human_enhancers_ensembl,Enhancers (Ensembl),Core,short_context,human,official,none,dnabert2,DNABERT-2,foundation_model,frozen,none,standard,1,0.775216,0.7477479533499024,0.699,0.699,0.3980963509768156,0.6956521739130435,0.0271078423685805,0.1936904636088807,2000.0,400.0,1000.0,500.0,500.0,,,,,8-569,0.0962735484349267,0.146,0.0008291195375121,-0.0026150092492807,0.1640166986454155,0.315,0.0428744396754445,0.0229165626320681,0.154091893020729,0.299,0.0094690798395876,0.0218054481962486,0.006790875225561,0.009,-0.003458342495036,0.0003245848568308,0.6621940822250412,0.8542059016132809,-0.0428744396754445,-0.0094690798395876,0.6794871794871796,Enhancers (Ensembl),DNABERT-2
human_enhancers_ensembl,Enhancers (Ensembl),Core,short_context,human,official,none,caduceus_ph,Caduceus-Ph,foundation_model,frozen,none,standard,1,0.717767235241454,0.6861174493278257,0.6590248627704229,0.6590248627704229,0.3187096760820834,0.6476946687128845,0.0432965822595281,0.2168543161810468,10000.0,2000.0,30970.0,15485.0,15485.0,,,,,2-573,0.0461359751301055,0.1382951243138521,0.0001871188063019,0.0006074981989275,0.0650870816145168,0.1776557959315466,-0.0316648146657818,0.0020038531441855,0.0461606575119863,0.1380690991281885,-0.0094850690250444,-0.0083153443932386,0.001881747211874,0.0046819502744591,-0.0001629320231043,-0.000323152167085,0.6621940822250412,0.9225749654096174,0.0316648146657818,0.0094850690250444,0.7179487179487181,Enhancers (Ensembl),Caduceus-Ph
human_ocr_ensembl,Open chromatin,Core,short_context,human,official,none,gc_only,GC-only logistic regression,diagnostic_logistic_regression,frozen,none,standard,1,0.5666297080033011,0.5275592777162312,0.5450331883726253,0.5450331883726254,0.0903036394640217,0.5279344534821587,0.0191687374430995,0.2479146943422844,10000.0,2000.0,34952.0,17476.0,17476.0,,,,,84-593,0.0,0.0,0.0,0.0,0.0,0.0,0.0,0.0,0.0,0.0,0.0,0.0,0.0,0.0,0.0,0.0,0.5666297080033011,1.0,-0.0,-0.0,0.5092592592592592,Open chromatin,GC-only logistic regression
human_ocr_ensembl,Open chromatin,Core,short_context,human,official,none,cpg_only,CpG-only logistic regression,diagnostic_logistic_regression,frozen,none,standard,1,0.5363892817516576,0.515785329246701,0.5299267566948959,0.5299267566948959,0.0606633371995776,0.5653209164506059,0.0191763765244219,0.2494580811970149,10000.0,2000.0,34952.0,17476.0,17476.0,,,,,84-593,0.0,0.0,0.0,0.0,0.0,0.0,0.0,0.0,0.0,0.0,0.0,0.0,0.0,0.0,0.0,0.0,0.5666297080033011,1.0563777601090183,-0.0,-0.0,0.5277777777777778,Open chromatin,CpG-only logistic regression
human_ocr_ensembl,Open chromatin,Core,short_context,human,official,none,length_only,Length-only logistic regression,diagnostic_logistic_regression,frozen,none,standard,1,0.5,0.5,0.5,0.5,0.0,0.486,0.0020427050422141,0.2500062561995156,10000.0,2000.0,34952.0,17476.0,17476.0,,,,,84-593,0.0,0.0,0.0,0.0,0.0,0.0,0.0,0.0,0.0,0.0,0.0,0.0,0.0,0.0,0.0,0.0,0.5666297080033011,1.1332594160066023,-0.0,-0.0,0.5462962962962963,Open chromatin,Length-only logistic regression
human_ocr_ensembl,Open chromatin,Core,short_context,human,official,none,repeat_only,Repeat-only logistic regression,diagnostic_logistic_regression,frozen,none,standard,1,0.5789617056352364,0.5658013712827662,0.5576218814373999,0.5576218814373999,0.1155055787774801,0.5720217006200177,0.0295090114307996,0.2473640734444867,10000.0,2000.0,34952.0,17476.0,17476.0,,,,,84-593,0.0,0.0,0.0,0.0,0.0,0.0,0.0,0.0,0.0,0.0,0.0,0.0,0.0,0.0,0.0,0.0,0.5666297080033011,0.9786998043015565,-0.0,-0.0,0.4907407407407407,Open chromatin,Repeat-only logistic regression
human_ocr_ensembl,Open chromatin,Core,short_context,human,official,none,kmer_logistic_regression,6-mer logistic regression,classical,frozen,none,standard,1,0.650458,,0.619,,,,0.2963202469797955,0.3305716614378323,6000.0,,2000.0,1000.0,1000.0,,,,,112-591,0.3800095436071972,0.3935,-0.0054219690911898,0.0084061330305751,0.4640316398874735,0.489,0.22693885716273,0.1374832234830839,0.4561578610780579,0.4815,0.0620904300322382,0.0838301998218954,,,,,0.5666297080033011,0.8711242047961608,-0.22693885716273,-0.0620904300322382,0.5925925925925927,Open chromatin,6-mer logistic regression
human_ocr_ensembl,Open chromatin,Core,short_context,human,official,none,small_cnn,CNN,cnn,full,none,standard,5,0.640304,,0.5695,,,,0.0630083151757717,0.242803743933832,6000.0,,2000.0,1000.0,1000.0,,,,,112-591,0.0132225817069411,0.057,-0.0003966093063354,0.0051651076078414,0.0351672880351543,0.1485,0.0030643939971923,0.0079237728416919,0.0335942581295967,0.1475,-0.0104559659957885,0.0173433921635151,,,,,0.5666297080033011,0.8849385729330149,-0.0030643939971923,0.0104559659957885,0.5925925925925926,Open chromatin,CNN
human_ocr_ensembl,Open chromatin,Core,short_context,human,official,none,small_cnn_rc_aug,RC-aug CNN,cnn,full,none,standard,5,0.7036005000000001,,0.6385,,,,0.051936047360301,0.2220495119774068,6000.0,,2000.0,1000.0,1000.0,,,,,112-591,0.0560485534369945,0.156,0.0008825659751892,-0.0064879381805659,0.0998835414648056,0.316,0.0610595345497131,-0.032940738722682,0.0893168300390243,0.2715,0.0084955692291259,0.0039646809548139,,,,,0.5666297080033011,0.8053287455072887,-0.0610595345497131,-0.0084955692291259,0.3703703703703704,Open chromatin,RC-aug CNN
human_ocr_ensembl,Open chromatin,Core,short_context,human,official,none,dnabert2,DNABERT-2,foundation_model,frozen,none,standard,1,0.682172,0.6596951240560474,0.637,0.637,0.274000548001644,0.6366366366366366,0.0215315742956969,0.225036363403999,2000.0,400.0,1000.0,500.0,500.0,,,,,125-589,0.0896396177690308,0.222,-0.0036173183536478,0.0007917597213645,0.1533176658544723,0.453,0.0863265325473023,0.0597013555028579,0.1292185728758282,0.364,-0.033496682882641,0.0386560830039723,0.0065218798132861,0.013,-0.0006714718778283,0.000643363805059,0.5666297080033011,0.8306258656223081,-0.0863265325473023,0.033496682882641,0.6851851851851851,Open chromatin,DNABERT-2
human_ocr_ensembl,Open chromatin,Core,short_context,human,official,none,caduceus_ph,Caduceus-Ph,foundation_model,frozen,none,standard,1,0.6234587665359695,0.5797241996138679,0.5960460059510185,0.5960460059510185,0.1920997640281889,0.5978524025178729,0.0565579938032962,0.2420725643710453,10000.0,2000.0,34952.0,17476.0,17476.0,,,,,84-593,0.0228954475639314,0.1597333485923552,-0.0002476891883876,0.0025669913764615,0.031401045562703,0.2255092698558022,-0.0170032457138196,-0.0251116465258941,0.029434931237558,0.2251945525291828,-0.0179371611528099,-0.0232979124859566,0.0006649435790881,0.0042915999084458,-0.0002580427738245,-8.232496531110356e-05,0.5666297080033011,0.9088487297268764,0.0170032457138196,0.0179371611528099,0.6851851851851852,Open chromatin,Caduceus-Ph
dummy_mouse_enhancers_ensembl,Mouse enhancers,Screening,short_context,mouse,official,none,kmer_logistic_regression,6-mer logistic regression,classical,frozen,none,standard,1,0.8966600642032647,,0.8181818181818182,,,,0.1277690502395612,0.1477564372944349,6000.0,,2000.0,1000.0,1000.0,,,,,538-4549,0.1651610761398572,0.1570247933884297,0.0483197122307484,0.0664384911624565,0.4336245677454272,0.4793388429752066,0.0646362251000858,0.1958730693831021,0.2321162225711011,0.2314049586776859,0.261365250130633,0.1161110892648684,,,,,,,-0.0646362251000858,-0.261365250130633,1.0,Mouse enhancers,6-mer logistic regression
drosophila_enhancers_stark,Fly enhancers,Screening,short_context,fly,official,none,kmer_logistic_regression,6-mer logistic regression,classical,frozen,none,standard,1,0.6891095592903204,,0.6398843930635838,,,,0.3243117980495819,0.3366945793667698,6000.0,,2000.0,1000.0,1000.0,,,,,1607-2921,0.3999552067730182,0.4040462427745664,0.0380504537677751,0.0324491658575981,0.4875489045386866,0.4901734104046242,0.3757548443763353,0.1356379987721738,0.4941509558395831,0.5028901734104047,0.3365084417030419,0.1351415870763492,,,,,,,-0.3757548443763353,-0.3365084417030419,1.0,Fly enhancers,6-mer logistic regression
